The content contained herein is owned or licensed by BlackRock and/or its third-party information providers and is protected by applicable copyrights, trademarks, service marks, and/or other intellectual property rights. Such content is solely for your personal, non-commercial use. Accordingly, you may not copy, distribute, modify, post, frame or deep link this content. You may download material displayed on this Website for your personal use provided you also retain all copyright and other proprietary notices contained on the materials. Modification or use of the materials for any other purpose violates BlackRock's intellectual property rights.;;;;;;
 THE PERFORMANCE QUOTED REPRESENTS PAST PERFORMANCE AND DOES NOT GUARANTEE FUTURE RESULTS. INVESTMENT RETURN AND PRINCIPAL VALUE OF AN INVESTMENT WILL FLUCTUATE SO THAT AN INVESTOR'S SHARES, WHEN SOLD OR REDEEMED, MAY BE WORTH MORE OR LESS THAN THE ORIGINAL COST. CURRENT PERFORMANCE MAY BE LOWER OR HIGHER THAN THE PERFORMANCE QUOTED. PERFORMANCE DATA CURRENT TO THE MOST RECENT MONTH END MAY BE OBTAINED BY VISITIN WWW.ISHARES.COM OR WWW.BLACKROCK.COM.;;;;;;
For standardized performance, click here. ;;;;;;
 Holdings subject to change. Past distributions not indicative of future distributions.;;;;;;
" The published NAV uses systematic fair value to price certain foreign assets after the close of the local markets to the price that might have prevailed as of 4:00 p.m., Eastern time, when the Fund is priced. The Non-Fair Value (NFV) NAV will instead use local closing market prices for those foreign assets and foreign exchange rates as of 4:00 p.m., London time. NFV NAVs generally exclude the impact of systematic fair value and currency rate differences, however under the following limited circumstances may incorporate certain fair value adjustments including: when assets have no price or are suspended on a prolonged basis; where derivatives trade outside of the U.S.; if trading in currency is constrained; and for valuing accounting accruals. NFV NAV is displayed for informational purposes only. Investors cannot transact with the Fund at NFV NAV.";;;;;;
 The values for “price” shown herein generally represent a price provided by a third-party pricing vendor for the portfolio holding and do not reflect the impact of systematic fair valuation (“the vendor price”). The vendor price is not necessarily the price at which the Fund values the portfolio holding for the purposes of determining its net asset value (the “valuation price”). Additionally, where applicable, foreign currency exchange rates with respect to the portfolio holdings denominated in non-U.S. currencies for the valuation price will be generally determined as of the close of business on the New York Stock Exchange, whereas for the vendor price will be generally determined as of 4 p.m. London. The values shown herein for “market value,” “weight,” and “notional value” (the “calculated values”) are based off of the vendor price and may have been different if the valuation price were to have been used to calculate such values. The vendor price is as of the most recent practicable date and may not necessarily be as of the date shown above. Please see the “Determination of Net Asset Value” section of each Fund’s prospectus for additional information on the Fund’s valuation policies and procedures.;;;;;;
 THIS INFORMATION MUST BE PRECEEDED OR ACCOMPANIED BY A PROSPECTUS. INVESTORS SHOULD READ AND CONSIDER IT CAREFULLY BEFORE INVESTING. INVESTING INVOLVE RISK, INCLUDING POSSIBLE LOSS OF PRINCIPAL.;;;;;;
For a current prospectus, click here. ;;;;;;
 This information should not be relied upon as research, investment advice, or a recommendation regarding any products, strategies, or any security in particular. This material is strictly for illustrative, educational, or informational purposes and is subject to change.;;;;;;
 The iShares Funds are distributed by BlackRock Investments, LLC (together with its affiliates, “BlackRock”).;;;;;;
 The iShares Funds are not sponsored, endorsed, issued, sold or promoted by Barclays, Bloomberg Finance L.P., BlackRock Index Services, LLC, Cohen & Steers Capital Management, Inc., European Public Real Estate Association (“EPRA® ”), FTSE International Limited (“FTSE”), ICE Data Services, LLC, India Index Services & Products Limited, JPMorgan Chase & Co., Japan Exchange Group, MSCI Inc., Markit Indices Limited, Morningstar, Inc., The NASDAQ OMX Group, Inc., National Association of Real Estate Investment Trusts (“NAREIT”), New York Stock Exchange, Inc., Russell or S&P Dow Jones Indices LLC. None of these companies make any representation regarding the advisability of investing in the Funds. With the exception of BlackRock Index Services, LLC, who is an affiliate, BlackRock Investments, LLC is not affiliated with the companies listed above.;;;;;;
" Neither FTSE nor NAREIT makes any warranty regarding the FTSE NAREIT Equity REITS Index, FTSE NAREIT All Residential Capped Index or FTSE NAREIT All Mortgage Capped Index; all rights vest in NAREIT. Neither FTSE nor NAREIT makes any warranty regarding the FTSE EPRA/NAREIT Developed Real Estate ex-U.S. Index, FTSE EPRA/NAREIT Developed Europe Index or FTSE EPRA/NAREIT Global REIT Index; all rights vest in FTSE, NAREIT and EPRA.“FTSE®” is a trademark of London Stock Exchange Group companies and is used by FTSE under license.";;;;;;
 © 2026 BlackRock, Inc. All rights reserved. iSHARES and BLACKROCK are registered trademarks of BlackRock, Inc., or its subsidiaries. All other marks are the property of their respective owners.;;;;;;
 ICRMH0421U/S-1620308;;;;;;
